IMG_5586.jpeg,IMG_5586.txt
IMG_5106.jpeg,IMG_5106.txt
IMG_5069.jpeg,IMG_5069.txt
IMG_5061.jpeg,IMG_5061.txt
IMG_5550.jpeg,IMG_5550.txt
IMG_5072.jpeg,IMG_5072.txt
IMG_5078.jpeg,IMG_5078.txt
IMG_5092.jpeg,IMG_5092.txt
IMG_4990.jpeg,IMG_4990.txt
IMG_5196.jpeg,IMG_5196.txt
IMG_5008.jpeg,IMG_5008.txt
IMG_5152.jpeg,IMG_5152.txt
IMG_5146.jpeg,IMG_5146.txt
1641153399884.jpg,1641153399884.txt
IMG_5481.jpeg,IMG_5481.txt
IMG_5485.jpeg,IMG_5485.txt
IMG_5516.jpeg,IMG_5516.txt
IMG_5271.jpeg,IMG_5271.txt
IMG_5536.jpeg,IMG_5536.txt
IMG_5454.jpeg,IMG_5454.txt
IMG_5583.jpeg,IMG_5583.txt
IMG_5471.jpeg,IMG_5471.txt
1641153400455.jpg,1641153400455.txt
1641153400464.jpg,1641153400464.txt
IMG_5539.jpeg,IMG_5539.txt
IMG_5673.jpeg,IMG_5673.txt
IMG_5124.jpeg,IMG_5124.txt
IMG_5690.jpeg,IMG_5690.txt
1641153400517.jpg,1641153400517.txt
IMG_5593.jpeg,IMG_5593.txt
IMG_4943.jpeg,IMG_4943.txt
IMG_5310.jpeg,IMG_5310.txt
IMG_4933.jpeg,IMG_4933.txt
IMG_5042.jpeg,IMG_5042.txt
IMG_5059.jpeg,IMG_5059.txt
IMG_4941.jpeg,IMG_4941.txt
IMG_5089.jpeg,IMG_5089.txt
IMG_4989.jpeg,IMG_4989.txt
IMG_5093.jpeg,IMG_5093.txt
IMG_5664.jpeg,IMG_5664.txt
1641153400051.jpg,1641153400051.txt
1641153400762.jpg,1641153400762.txt
1641153400936.jpg,1641153400936.txt
IMG_5479.jpeg,IMG_5479.txt
IMG_5568.jpeg,IMG_5568.txt
IMG_5111.jpeg,IMG_5111.txt
IMG_4992.jpeg,IMG_4992.txt
IMG_5577.jpeg,IMG_5577.txt
IMG_5279.jpeg,IMG_5279.txt
IMG_5533.jpeg,IMG_5533.txt
IMG_5466.jpeg,IMG_5466.txt
IMG_5294.jpeg,IMG_5294.txt
IMG_5678.jpeg,IMG_5678.txt
IMG_5576.jpeg,IMG_5576.txt
IMG_4932.jpeg,IMG_4932.txt
IMG_5052.jpeg,IMG_5052.txt
IMG_4986.jpeg,IMG_4986.txt
IMG_5080.jpeg,IMG_5080.txt
IMG_5083.jpeg,IMG_5083.txt
IMG_5596.jpeg,IMG_5596.txt
1641153400218.jpg,1641153400218.txt
IMG_5022.jpeg,IMG_5022.txt
1641153400656.jpg,1641153400656.txt
1641153400091.jpg,1641153400091.txt
IMG_5602.jpeg,IMG_5602.txt
IMG_5546.jpeg,IMG_5546.txt
1641153400425.jpg,1641153400425.txt
IMG_5592.jpeg,IMG_5592.txt
1641153400944.jpg,1641153400944.txt
IMG_5075.jpeg,IMG_5075.txt
IMG_5679.jpeg,IMG_5679.txt
IMG_4956.jpeg,IMG_4956.txt
IMG_4926.jpeg,IMG_4926.txt
IMG_5035.jpeg,IMG_5035.txt
1641153398766.jpg,1641153398766.txt
IMG_5136.jpeg,IMG_5136.txt
IMG_5074.jpeg,IMG_5074.txt
IMG_5453.jpeg,IMG_5453.txt
IMG_5105.jpeg,IMG_5105.txt
IMG_5224.jpeg,IMG_5224.txt
IMG_5283.jpeg,IMG_5283.txt
IMG_5642.jpeg,IMG_5642.txt
IMG_5147.jpeg,IMG_5147.txt
IMG_5209.jpeg,IMG_5209.txt
1641153400043.jpg,1641153400043.txt
IMG_5203.jpeg,IMG_5203.txt
IMG_5682.jpeg,IMG_5682.txt
IMG_5524.jpeg,IMG_5524.txt
1641153400531.jpg,1641153400531.txt
1641153400567.jpg,1641153400567.txt
1641153400598.jpg,1641153400598.txt
IMG_5062.jpeg,IMG_5062.txt
IMG_4929.jpeg,IMG_4929.txt
IMG_4973.jpeg,IMG_4973.txt
IMG_5019.jpeg,IMG_5019.txt
IMG_5023.jpeg,IMG_5023.txt
IMG_5141.jpeg,IMG_5141.txt
IMG_5220.jpeg,IMG_5220.txt
IMG_4934.jpeg,IMG_4934.txt
1641153399585.jpg,1641153399585.txt
IMG_5508.jpeg,IMG_5508.txt
IMG_5259.jpeg,IMG_5259.txt
IMG_5020.jpeg,IMG_5020.txt
IMG_5635.jpeg,IMG_5635.txt
IMG_5103.jpeg,IMG_5103.txt
IMG_5188.jpeg,IMG_5188.txt
IMG_5274.jpeg,IMG_5274.txt
1641153400167.jpg,1641153400167.txt
IMG_5094.jpeg,IMG_5094.txt
IMG_5076.jpeg,IMG_5076.txt
1641153399970.jpg,1641153399970.txt
IMG_4963.jpeg,IMG_4963.txt
IMG_5615.jpeg,IMG_5615.txt
IMG_5497.jpeg,IMG_5497.txt
IMG_5452.jpeg,IMG_5452.txt
IMG_5456.jpeg,IMG_5456.txt
IMG_5243.jpeg,IMG_5243.txt
IMG_5473.jpeg,IMG_5473.txt
IMG_5013.jpeg,IMG_5013.txt
IMG_4922.jpeg,IMG_4922.txt
IMG_5607.jpeg,IMG_5607.txt
1641153399516.jpg,1641153399516.txt
IMG_5672.jpeg,IMG_5672.txt
IMG_5132.jpeg,IMG_5132.txt
IMG_5652.jpeg,IMG_5652.txt
IMG_5307.jpeg,IMG_5307.txt
IMG_5150.jpeg,IMG_5150.txt
IMG_5119.jpeg,IMG_5119.txt
IMG_5486.jpeg,IMG_5486.txt
1641153400297.jpg,1641153400297.txt
IMG_5290.jpeg,IMG_5290.txt
IMG_4960.jpeg,IMG_4960.txt
IMG_5657.jpeg,IMG_5657.txt
IMG_5440.jpeg,IMG_5440.txt
IMG_5581.jpeg,IMG_5581.txt
IMG_5208.jpeg,IMG_5208.txt
IMG_5192.jpeg,IMG_5192.txt
IMG_5056.jpeg,IMG_5056.txt
IMG_5153.jpeg,IMG_5153.txt
IMG_5240.jpeg,IMG_5240.txt
1641153400252.jpg,1641153400252.txt
IMG_5442.jpeg,IMG_5442.txt
IMG_5087.jpeg,IMG_5087.txt
IMG_5597.jpeg,IMG_5597.txt
1641153400319.jpg,1641153400319.txt
IMG_5016.jpeg,IMG_5016.txt
IMG_5470.jpeg,IMG_5470.txt
IMG_5540.jpeg,IMG_5540.txt
IMG_5286.jpeg,IMG_5286.txt
IMG_5122.jpeg,IMG_5122.txt
IMG_5242.jpeg,IMG_5242.txt
IMG_5007.jpeg,IMG_5007.txt
IMG_4971.jpeg,IMG_4971.txt
IMG_5480.jpeg,IMG_5480.txt
IMG_5228.jpeg,IMG_5228.txt
1641153400002.jpg,1641153400002.txt
1641153400364.jpg,1641153400364.txt
IMG_4955.jpeg,IMG_4955.txt
IMG_5449.jpeg,IMG_5449.txt
IMG_5579.jpeg,IMG_5579.txt
IMG_5552.jpeg,IMG_5552.txt
